symbol,name,pool_address,volume_24h_usd,liquidity_usd,price_change_24h_pct,reddit_mentions,x_mentions,avg_sentiment,composite_score
SWARM,SWARM / WETH 0.01%,0xd8a01cde92d5072bf981614b2592e01640b8c962,9993162.92088472,405947.7773,6079.069,0,0,0.0,47.5
astro,astro / WETH,0x3416b8d8aa6ae642ffdc2f65165ff479d4bd3007,5039717.89794939,173692.7449,714.986,0,0,0.0,47.5
swordcat,swordcat / WETH 0.01%,0x16ef892190b94eaba7020f1a8587fcd5276d6b51,9408361.6548875,351944.0309,73179.447,0,0,0.0,47.5
CRH,CRH / WETH,0x88401f04a9af8326ccd642d64192442875d8378f7f5b324ac2449c481831ff9b,607240.438426912,51726.82,1395.538,0,0,0.0,47.5
BORRO,BORRO / WETH,0x8f6f9a474cbaa1b6b7cab7efa61073f08cc0dc9768214f65fa66a158208fd115,460032.250425544,38974.7021,258.277,0,0,0.0,43.09
HOODIE,HOODIE / WETH,0x9a25f2461055af82b771ed88d16a2e9245dcea344a7211aa8c147d72f9d658ec,764646.795501693,27638.6184,92.729,0,0,0.0,38.56
ROO,ROO / WETH,0x91e9823a895a2d05a2c853fbd1619da089b36054f0a342039a0e8046608bbece,601624.973298764,23566.2538,135.428,0,0,0.0,36.93
CHOP,CHOP / WETH,0x8111082d181841cbd123e82bced032b1331140332b6ce3da37f53a6b24ed736c,248192.901231179,62762.0353,5.283,0,0,0.0,34.08
PONS,PONS / USDG 0.3%,0x4be9657ec9002e528f4f17a5c43edc525a07f888f7b180c2afbf75e096c4f38a,4526273.33125618,1735675.6763,-13.239,0,0,0.0,32.5
CREORA,CREORA / WETH 0.01%,0x1dada0944e6a1ad3bf04c0c39dea5e6e3776bc08,23665177.6265718,285313.7547,-28.756,0,0,0.0,32.5
HOOKR,HOOKR / WETH 0.25%,0x590dcb6a87828bf688b48089a62239b693378f1fb64d2286e6a399ed8c005fdf,1143575.40735965,892395.4219,-9.739,0,0,0.0,32.5
CASHCAT,CASHCAT / WETH 0.3%,0xd42a491087a15e5afd51feb3606066cc152d2b09,2215555.16524011,1516991.1852,-11.86,0,0,0.0,32.5
PRISM,PRISM / WETH,0x126a9f6ee2e4be592c3520579ba9b48327a3d5e0,312509.402993138,217919.5596,-19.909,0,0,0.0,32.5
ORBIO,ORBIO / USDG 0.8%,0xea9f200e13055b82f175f44f592c4c13dd8c9d9320a66487d3c5cd90d68550ef,1798000.53372378,834443.1583,-1.042,0,0,0.0,32.5
PONS,PONS / USDG,0x486435a1f76cd58193f854c6e6213cd05fd58d637865d02065ff558b387fa6ea,6231720.29820722,3694353.1906,-12.57,0,0,0.0,32.5
AI,AI / NVDA,0xcbdfea90430a30ee4469c9902e120a77e7c7e4711d5643671c1d1957f2f1ce27,1881652.80681469,3886898.133,-18.949,0,0,0.0,32.5
AI,AI / USDG,0x592e3fb7ea947506b36481025abc15baada8e1839a50fded46ecf08b3182fa96,4872809.85310713,635409.707,-18.265,0,0,0.0,32.5
Index,Index / WETH 1%,0xd29893ffac8b29ec4db2cfe0cdb3fe1377c028ff,322910.507822475,329962.9768,-5.393,0,0,0.0,32.5
V4,V4 / WETH,0x3df16f271060e4941c0386047def159f42e629dc0455db623c5b363eeacbcc1d,547358.054790481,396635.3355,-45.903,0,0,0.0,32.5
SI,SI / WETH,0x7d169fd139e79f524367a1a23f2c29eced9b961fd45db61b9513539fbf206a49,37323.0274194749,43223.1517,-36.532,0,0,0.0,29.79
